lr-Adam,step,train_loss_step,epoch,val_loss_step,val_loss_epoch,train_loss_epoch
4.449460557856837e-06,49,,,,,
,49,0.039840396493673325,0,,,
5.825895665992239e-06,99,,,,,
,99,0.04772753641009331,0,,,
8.102654456762233e-06,149,,,,,
,149,0.04210279881954193,0,,,
1.1235343651974576e-05,199,,,,,
,199,0.03678174316883087,0,,,
1.5162880653201799e-05,249,,,,,
,249,0.04180702939629555,0,,,
1.98086845580608e-05,299,,,,,
,299,0.038618795573711395,0,,,
2.508216936947057e-05,349,,,,,
,349,0.039458341896533966,0,,,
3.0880510282614465e-05,399,,,,,
,399,0.036072079092264175,0,,,
3.709064860974123e-05,449,,,,,
,449,0.03990114852786064,0,,,
4.359149624986888e-05,499,,,,,
,499,0.03778427094221115,0,,,
5.0256296719638966e-05,549,,,,,
,549,0.03321875259280205,0,,,
5.695509670886785e-05,599,,,,,
,599,0.03535196930170059,0,,,
6.355727996928119e-05,649,,,,,
,649,0.034651122987270355,0,,,
6.99341141295168e-05,699,,,,,
,699,0.03276170417666435,0,,,
7.596126077743864e-05,749,,,,,
,749,0.028946271166205406,0,,,
8.1521199867036e-05,799,,,,,
,799,0.032422278076410294,0,,,
8.650552117771943e-05,849,,,,,
,849,0.032173603773117065,0,,,
9.081703814609816e-05,899,,,,,
,899,0.035044558346271515,0,,,
9.43716828537859e-05,949,,,,,
,949,0.03170088306069374,0,,,
9.710014522190091e-05,999,,,,,
,999,0.031648971140384674,0,,,
9.894922445050085e-05,1049,,,,,
,1049,0.02866489067673683,0,,,
9.988286635197149e-05,1099,,,,,
,1099,0.028747214004397392,0,,,
9.997762170368872e-05,1149,,,,,
,1149,0.0283040851354599,0,,,
9.979871550490316e-05,1199,,,,,
,1199,0.025956954807043076,0,,,
9.944154354509118e-05,1249,,,,,
,1249,0.028026942163705826,0,,,
,0,,,0.03486879542469978,,
,1,,,0.031650032848119736,,
,2,,,0.030622875317931175,,
,3,,,0.03098134510219097,,
,4,,,0.030487222597002983,,
,5,,,0.03451057896018028,,
,6,,,0.031815677881240845,,
,7,,,0.03113831952214241,,
,8,,,0.029418820515275,,
,9,,,0.03370027616620064,,
,10,,,0.03156426176428795,,
,11,,,0.03172435611486435,,
,12,,,0.03276317939162254,,
,13,,,0.03191610425710678,,
,14,,,0.03338474780321121,,
,15,,,0.0328218936920166,,
,16,,,0.0331900380551815,,
,17,,,0.032712165266275406,,
,18,,,0.031689684838056564,,
,19,,,0.03425421938300133,,
,20,,,0.03123111091554165,,
,21,,,0.029337257146835327,,
,22,,,0.03066622093319893,,
,23,,,0.035108186304569244,,
,24,,,0.02792569436132908,,
,25,,,0.03453068062663078,,
,26,,,0.03205988183617592,,
,27,,,0.03189333155751228,,
,28,,,0.030324170365929604,,
,29,,,0.031853850930929184,,
,30,,,0.03311504051089287,,
,31,,,0.029999924823641777,,
,32,,,0.033119235187768936,,
,33,,,0.030633533373475075,,
,34,,,0.03362266346812248,,
,35,,,0.03079923987388611,,
,36,,,0.03076571226119995,,
,37,,,0.031982626765966415,,
,38,,,0.03364818915724754,,
,39,,,0.03262847289443016,,
,40,,,0.032726485282182693,,
,41,,,0.031908754259347916,,
,42,,,0.030533188953995705,,
,43,,,0.033306729048490524,,
,44,,,0.033104997128248215,,
,45,,,0.033761121332645416,,
,46,,,0.03243023902177811,,
,47,,,0.03227580711245537,,
,48,,,0.02991674654185772,,
,49,,,0.032446086406707764,,
,50,,,0.034129031002521515,,
,51,,,0.030421162024140358,,
,52,,,0.03154894337058067,,
,53,,,0.034223590046167374,,
,54,,,0.034300994127988815,,
,55,,,0.034074049443006516,,
,56,,,0.032026417553424835,,
,57,,,0.03485832363367081,,
,58,,,0.031044552102684975,,
,59,,,0.029461562633514404,,
,60,,,0.031055867671966553,,
,61,,,0.03282569348812103,,
,62,,,0.029820162802934647,,
,63,,,0.032580532133579254,,
,64,,,0.032711584120988846,,
,65,,,0.0323956198990345,,
,66,,,0.030744433403015137,,
,67,,,0.03280724585056305,,
,68,,,0.02882259525358677,,
,69,,,0.03296547383069992,,
,70,,,0.033231306821107864,,
,71,,,0.03616390749812126,,
,72,,,0.0326077938079834,,
,73,,,0.030774815008044243,,
,74,,,0.033058516681194305,,
,75,,,0.03175383433699608,,
,76,,,0.03295111283659935,,
,77,,,0.03178480267524719,,
,78,,,0.031045908108353615,,
,79,,,0.031115947291254997,,
,80,,,0.030773645266890526,,
,81,,,0.03079204261302948,,
,82,,,0.032112911343574524,,
,83,,,0.029136646538972855,,
,84,,,0.031077349558472633,,
,85,,,0.03192126750946045,,
,86,,,0.03081422485411167,,
,87,,,0.037498898804187775,,
,88,,,0.033814407885074615,,
,89,,,0.031196553260087967,,
,90,,,0.03178880736231804,,
,91,,,0.03046485222876072,,
,92,,,0.031033704057335854,,
,93,,,0.03033396042883396,,
,94,,,0.03256653621792793,,
,95,,,0.03295854479074478,,
,96,,,0.032929614186286926,,
,97,,,0.03285859152674675,,
,98,,,0.03130219504237175,,
,99,,,0.031675755977630615,,
,100,,,0.03147388994693756,,
,101,,,0.03308385610580444,,
,102,,,0.03190012648701668,,
,103,,,0.03353242948651314,,
,104,,,0.030249491333961487,,
,105,,,0.03262424096465111,,
,106,,,0.032247867435216904,,
,107,,,0.0320272333920002,,
,108,,,0.03002164326608181,,
,109,,,0.03249802812933922,,
,110,,,0.032015662640333176,,
,111,,,0.02926240675151348,,
,112,,,0.028474319726228714,,
,113,,,0.030888646841049194,,
,114,,,0.03236018493771553,,
,115,,,0.031069640070199966,,
,116,,,0.031334999948740005,,
,117,,,0.034417204558849335,,
,118,,,0.03292832151055336,,
,119,,,0.03101181425154209,,
,120,,,0.0290069580078125,,
,121,,,0.032243188470602036,,
,122,,,0.031012047082185745,,
,123,,,0.03300608694553375,,
,124,,,0.02943807654082775,,
,125,,,0.03305790573358536,,
,126,,,0.0336378738284111,,
,127,,,0.03241715952754021,,
,128,,,0.031130969524383545,,
,129,,,0.031333472579717636,,
,130,,,0.03340216353535652,,
,131,,,0.032377373427152634,,
,132,,,0.03231604024767876,,
,133,,,0.035043731331825256,,
,134,,,0.032830435782670975,,
,135,,,0.02974845841526985,,
,136,,,0.02924170158803463,,
,137,,,0.029440855607390404,,
,138,,,0.029487377032637596,,
,139,,,0.03311493247747421,,
,140,,,0.03198667988181114,,
,141,,,0.0342060886323452,,
,142,,,0.0322611927986145,,
,143,,,0.03335392102599144,,
,144,,,0.03191910311579704,,
,145,,,0.03104470670223236,,
,146,,,0.033243630081415176,,
,147,,,0.031657107174396515,,
,148,,,0.03154405206441879,,
,149,,,0.03174604848027229,,
,150,,,0.03172977641224861,,
,151,,,0.028010034933686256,,
,152,,,0.032079387456178665,,
,153,,,0.03673364594578743,,
,154,,,0.03279421105980873,,
,155,,,0.030908584594726562,,
,156,,,0.03321750834584236,,
,157,,,0.03159620240330696,,
,158,,,0.0325389988720417,,
,159,,,0.030919590964913368,,
,160,,,0.03201127052307129,,
,161,,,0.030150694772601128,,
,162,,,0.027638280764222145,,
,163,,,0.028360283002257347,,
,164,,,0.033623602241277695,,
,165,,,0.030606001615524292,,
,166,,,0.030037207528948784,,
,167,,,0.031163036823272705,,
,168,,,0.03139429911971092,,
,169,,,0.03069506399333477,,
,170,,,0.03345954790711403,,
,171,,,0.028904318809509277,,
,172,,,0.031881362199783325,,
,173,,,0.03031928651034832,,
,174,,,0.031221523880958557,,
,175,,,0.028268296271562576,,
,176,,,0.028749261051416397,,
,177,,,0.032661888748407364,,
,178,,,0.03159330412745476,,
,179,,,0.0296944472938776,,
,180,,,0.03147178515791893,,
,181,,,0.031363409012556076,,
,182,,,0.03241599351167679,,
,183,,,0.03380299359560013,,
,184,,,0.03103228285908699,,
,185,,,0.03142167255282402,,
,186,,,0.029871243983507156,,
,187,,,0.03208833560347557,,
,188,,,0.033000484108924866,,
,189,,,0.03298071026802063,,
,190,,,0.031432583928108215,,
,191,,,0.03292692452669144,,
,192,,,0.03029348887503147,,
,193,,,0.031394340097904205,,
,194,,,0.03045138716697693,,
,195,,,0.03264887258410454,,
,196,,,0.03409161791205406,,
,197,,,0.031752195209264755,,
,198,,,0.029431993141770363,,
,199,,,0.03321906551718712,,
,200,,,0.03077521361410618,,
,201,,,0.030885620042681694,,
,202,,,0.032977934926748276,,
,203,,,0.0350026972591877,,
,204,,,0.032667092978954315,,
,205,,,0.03393781557679176,,
,206,,,0.02999354712665081,,
,207,,,0.03111150860786438,,
,208,,,0.03346453234553337,,
,209,,,0.030628520995378494,,
,210,,,0.03583339601755142,,
,211,,,0.03423386812210083,,
,212,,,0.03215635567903519,,
,213,,,0.031170109286904335,,
,214,,,0.03160674497485161,,
,215,,,0.03373182937502861,,
,216,,,0.0323987677693367,,
,217,,,0.028839582577347755,,
,218,,,0.03488725796341896,,
,219,,,0.03049423173069954,,
,220,,,0.032630328088998795,,
,221,,,0.03276410326361656,,
,222,,,0.03465651348233223,,
,223,,,0.03038213588297367,,
,224,,,0.031362831592559814,,
,225,,,0.031134402379393578,,
,226,,,0.029193270951509476,,
,227,,,0.03399433568120003,,
,228,,,0.030331427231431007,,
,229,,,0.029619857668876648,,
,230,,,0.02958669699728489,,
,231,,,0.03313182666897774,,
,232,,,0.03186829388141632,,
,233,,,0.031466543674468994,,
,234,,,0.03223729133605957,,
,235,,,0.03203931450843811,,
,236,,,0.03046933375298977,,
,237,,,0.029246335849165916,,
,238,,,0.030898842960596085,,
,239,,,0.03136959299445152,,
,240,,,0.030328407883644104,,
,241,,,0.03585388511419296,,
,242,,,0.03149779513478279,,
,243,,,0.033907201141119,,
,244,,,0.03228743001818657,,
,245,,,0.029484808444976807,,
,246,,,0.03296064957976341,,
,247,,,0.03429515287280083,,
,248,,,0.03331803157925606,,
,249,,,0.03141213208436966,,
,250,,,0.033400218933820724,,
,251,,,0.034100860357284546,,
,252,,,0.03281093388795853,,
,253,,,0.03454283997416496,,
,254,,,0.033332809805870056,,
,255,,,0.03194122016429901,,
,256,,,0.030673934146761894,,
,257,,,0.03622165322303772,,
,258,,,0.03153029456734657,,
,259,,,0.027417246252298355,,
,260,,,0.032064955681562424,,
,261,,,0.03408249467611313,,
,262,,,0.03512229397892952,,
,263,,,0.028464457020163536,,
,264,,,0.03090674988925457,,
,265,,,0.034058429300785065,,
,266,,,0.03179151937365532,,
,267,,,0.032327499240636826,,
,268,,,0.03165649250149727,,
,269,,,0.031455375254154205,,
,270,,,0.03166031464934349,,
,271,,,0.03540220856666565,,
,272,,,0.033705271780490875,,
,273,,,0.02944573573768139,,
,274,,,0.034273661673069,,
,275,,,0.03206736594438553,,
,276,,,0.03126982972025871,,
,277,,,0.030627379193902016,,
,278,,,0.030680973082780838,,
,279,,,0.03294381499290466,,
,280,,,0.03129885718226433,,
,281,,,0.03436972573399544,,
,282,,,0.03193275257945061,,
,283,,,0.0276624858379364,,
,284,,,0.033257339149713516,,
,285,,,0.03360271826386452,,
,286,,,0.03228786587715149,,
,287,,,0.032416053116321564,,
,288,,,0.03354177623987198,,
,289,,,0.03159933164715767,,
,290,,,0.03062230907380581,,
,291,,,0.032508544623851776,,
,292,,,0.03286908194422722,,
,293,,,0.03201034292578697,,
,294,,,0.030908895656466484,,
,295,,,0.03181537985801697,,
,296,,,0.03176933899521828,,
,297,,,0.03230546787381172,,
,298,,,0.03135854750871658,,
,299,,,0.0298019852489233,,
,300,,,0.029514824971556664,,
,301,,,0.035506006330251694,,
,302,,,0.030443886294960976,,
,303,,,0.027611320838332176,,
,304,,,0.031914226710796356,,
,305,,,0.03350754827260971,,
,306,,,0.031154850497841835,,
,307,,,0.03047855757176876,,
,308,,,0.03159644082188606,,
,309,,,0.034937795251607895,,
,310,,,0.028519416227936745,,
,311,,,0.033120930194854736,,
,312,,,0.03161055967211723,,
,313,,,0.034498799592256546,,
,314,,,0.033064063638448715,,
,315,,,0.03306766599416733,,
,316,,,0.033056918531656265,,
,317,,,0.02886207401752472,,
,318,,,0.032038744539022446,,
,319,,,0.032568685710430145,,
,320,,,0.030314449220895767,,
,321,,,0.030864298343658447,,
,322,,,0.03102460503578186,,
,323,,,0.035527944564819336,,
,324,,,0.033829715102910995,,
,325,,,0.030536049976944923,,
,326,,,0.03050428070127964,,
,327,,,0.032721489667892456,,
,328,,,0.03068816103041172,,
,329,,,0.031567323952913284,,
,330,,,0.03292108699679375,,
,331,,,0.03290193900465965,,
,332,,,0.035954710096120834,,
,333,,,0.028281748294830322,,
,334,,,0.030742401257157326,,
,335,,,0.029730606824159622,,
,336,,,0.03149135410785675,,
,337,,,0.03342437371611595,,
,338,,,0.03107934258878231,,
,339,,,0.033416274935007095,,
,340,,,0.03696103021502495,,
,341,,,0.03317220136523247,,
,342,,,0.032559797167778015,,
,343,,,0.030200360342860222,,
,344,,,0.03385661914944649,,
,345,,,0.031967904418706894,,
,346,,,0.029232526198029518,,
,347,,,0.031113630160689354,,
,348,,,0.036913689225912094,,
,349,,,0.028715256601572037,,
,350,,,0.032136715948581696,,
,351,,,0.03663317486643791,,
,352,,,0.03029460273683071,,
,353,,,0.03533902391791344,,
,354,,,0.030117446556687355,,
,355,,,0.0328514538705349,,
,356,,,0.029298439621925354,,
,357,,,0.033448707312345505,,
,358,,,0.0333859845995903,,
,359,,,0.030926136299967766,,
,360,,,0.026362229138612747,,
,361,,,0.02955382503569126,,
,362,,,0.03481704741716385,,
,363,,,0.031072629615664482,,
,364,,,0.03126003220677376,,
,365,,,0.032183676958084106,,
,366,,,0.03254614397883415,,
,367,,,0.0314595066010952,,
,368,,,0.031044498085975647,,
,369,,,0.03097572922706604,,
,370,,,0.03260955959558487,,
,371,,,0.03271470218896866,,
,372,,,0.031588442623615265,,
,373,,,0.03503146022558212,,
,374,,,0.03231389448046684,,
,375,,,0.03435667231678963,,
,376,,,0.03049812652170658,,
,377,,,0.03148355707526207,,
,378,,,0.03168114647269249,,
,379,,,0.03216514736413956,,
,380,,,0.03132696449756622,,
,381,,,0.0313902422785759,,
,382,,,0.031179403886198997,,
,383,,,0.031961679458618164,,
,384,,,0.029836390167474747,,
,385,,,0.032762493938207626,,
,386,,,0.034342266619205475,,
,387,,,0.030091667547822,,
,388,,,0.03267914801836014,,
,389,,,0.031117022037506104,,
,390,,,0.029924143105745316,,
,391,,,0.032937921583652496,,
,392,,,0.030257076025009155,,
,393,,,0.03155764564871788,,
,394,,,0.028750170022249222,,
,395,,,0.034258801490068436,,
,396,,,0.03597600385546684,,
,397,,,0.030449509620666504,,
,398,,,0.02976696565747261,,
,399,,,0.02971830777823925,,
,400,,,0.0329403281211853,,
,401,,,0.03206866979598999,,
,402,,,0.03389343246817589,,
,403,,,0.03217962011694908,,
,404,,,0.031460028141736984,,
,405,,,0.03305146098136902,,
,406,,,0.030808715149760246,,
,407,,,0.02932017855346203,,
,408,,,0.03305576369166374,,
,409,,,0.028443405404686928,,
,410,,,0.028905173763632774,,
,411,,,0.03562643751502037,,
,412,,,0.030134761705994606,,
,413,,,0.032184310257434845,,
,414,,,0.031572211533784866,,
,415,,,0.03038809262216091,,
,416,,,0.03332667052745819,,
,417,,,0.032073359936475754,,
,418,,,0.032747358083724976,,
,419,,,0.02711734175682068,,
,420,,,0.03246953710913658,,
,421,,,0.032758504152297974,,
,422,,,0.03264317661523819,,
,423,,,0.028548140078783035,,
,424,,,0.031685251742601395,,
,425,,,0.03260943293571472,,
,426,,,0.030461424961686134,,
,427,,,0.0304445531219244,,
,428,,,0.03139796108007431,,
,429,,,0.03144090250134468,,
,430,,,0.031098438426852226,,
,431,,,0.03032810427248478,,
,432,,,0.03594590350985527,,
,433,,,0.03363904356956482,,
,434,,,0.033029891550540924,,
,435,,,0.028619378805160522,,
,436,,,0.03121616505086422,,
,437,,,0.029915953055024147,,
,438,,,0.03304347023367882,,
,439,,,0.032358989119529724,,
,440,,,0.031856849789619446,,
,441,,,0.03353570029139519,,
,442,,,0.03510211035609245,,
,443,,,0.030386168509721756,,
,444,,,0.031097764149308205,,
,445,,,0.03362416848540306,,
,446,,,0.03147782012820244,,
,447,,,0.030380988493561745,,
,448,,,0.03395133465528488,,
,449,,,0.03330479934811592,,
,450,,,0.02979305200278759,,
,451,,,0.03373303636908531,,
,452,,,0.034426119178533554,,
,453,,,0.03323424980044365,,
,454,,,0.030147036537528038,,
,455,,,0.03507309406995773,,
,456,,,0.03191332146525383,,
,457,,,0.029706865549087524,,
,458,,,0.032223641872406006,,
,459,,,0.03231985494494438,,
,460,,,0.03195292502641678,,
,461,,,0.03226093575358391,,
,462,,,0.030977336689829826,,
,463,,,0.03659971430897713,,
,464,,,0.03452508524060249,,
,465,,,0.03217744827270508,,
,466,,,0.03295242041349411,,
,467,,,0.031138097867369652,,
,468,,,0.029691267758607864,,
,469,,,0.030939117074012756,,
,470,,,0.03121141903102398,,
,471,,,0.030130449682474136,,
,472,,,0.03298673778772354,,
,473,,,0.027695102617144585,,
,474,,,0.03049791418015957,,
,475,,,0.03315208479762077,,
,476,,,0.035278063267469406,,
,477,,,0.03072412870824337,,
,478,,,0.031986527144908905,,
,479,,,0.030561625957489014,,
,480,,,0.03207006677985191,,
,481,,,0.032701801508665085,,
,482,,,0.032352663576602936,,
,483,,,0.032110389322042465,,
,484,,,0.031801559031009674,,
,485,,,0.03104795515537262,,
,486,,,0.03024662844836712,,
,487,,,0.03450847417116165,,
,488,,,0.03194979950785637,,
,489,,,0.031169146299362183,,
,490,,,0.031640492379665375,,
,491,,,0.02845524623990059,,
,492,,,0.031747885048389435,,
,493,,,0.02984846569597721,,
,494,,,0.03368743881583214,,
,495,,,0.034139618277549744,,
,496,,,0.02946174144744873,,
,497,,,0.03100219927728176,,
,498,,,0.03296859934926033,,
,499,,,0.02966674044728279,,
,500,,,0.03440457582473755,,
,501,,,0.03271238133311272,,
,502,,,0.03285398706793785,,
,503,,,0.030901504680514336,,
,504,,,0.03339751437306404,,
,505,,,0.031811751425266266,,
,506,,,0.03149820864200592,,
,507,,,0.031326938420534134,,
,508,,,0.033285316079854965,,
,509,,,0.03213437274098396,,
,510,,,0.032822344452142715,,
,511,,,0.031090354546904564,,
,512,,,0.03153699263930321,,
,513,,,0.03241471201181412,,
,514,,,0.03143886849284172,,
,515,,,0.034807223826646805,,
,516,,,0.033810775727033615,,
,517,,,0.0320843942463398,,
,518,,,0.029155245050787926,,
,519,,,0.03013521246612072,,
,520,,,0.03451785445213318,,
,521,,,0.03165305778384209,,
,522,,,0.02913683094084263,,
,523,,,0.02933378890156746,,
,524,,,0.02759528160095215,,
,525,,,0.031711455434560776,,
,526,,,0.03288465365767479,,
,527,,,0.029503388330340385,,
,528,,,0.03247088938951492,,
,529,,,0.03304668143391609,,
,530,,,0.03088858164846897,,
,531,,,0.030579591169953346,,
,532,,,0.03268459439277649,,
,533,,,0.030224276706576347,,
,534,,,0.03261125087738037,,
,535,,,0.03443263843655586,,
,536,,,0.030199771746993065,,
,537,,,0.0324128232896328,,
,538,,,0.03185392543673515,,
,539,,,0.031159335747361183,,
,540,,,0.030395781621336937,,
,541,,,0.030933057889342308,,
,542,,,0.028552765026688576,,
,543,,,0.029381409287452698,,
,544,,,0.030967826023697853,,
,545,,,0.03024381212890148,,
,546,,,0.03284734487533569,,
,547,,,0.02920795977115631,,
,548,,,0.03145868331193924,,
,549,,,0.030495155602693558,,
,550,,,0.029406774789094925,,
,551,,,0.03402089700102806,,
,552,,,0.03288445994257927,,
,553,,,0.03187531977891922,,
,554,,,0.028428155928850174,,
,555,,,0.02749919891357422,,
,556,,,0.034000009298324585,,
,557,,,0.029137803241610527,,
,558,,,0.030056482180953026,,
,559,,,0.030576566234230995,,
,560,,,0.032954100519418716,,
,561,,,0.030781030654907227,,
,562,,,0.030905041843652725,,
,563,,,0.030223293229937553,,
,564,,,0.02939663641154766,,
,565,,,0.03118828311562538,,
,566,,,0.03176559880375862,,
,567,,,0.02964138425886631,,
,568,,,0.030867859721183777,,
,569,,,0.030961155891418457,,
,570,,,0.03473597764968872,,
,571,,,0.031147722154855728,,
,572,,,0.02886965312063694,,
,573,,,0.0287737138569355,,
,574,,,0.030532438308000565,,
,575,,,0.034197304397821426,,
,576,,,0.031118974089622498,,
,577,,,0.032260432839393616,,
,578,,,0.03412552550435066,,
,579,,,0.032833296805620193,,
,580,,,0.03349653258919716,,
,581,,,0.02986188605427742,,
,582,,,0.02835456095635891,,
,583,,,0.032984841614961624,,
,584,,,0.03305651620030403,,
,585,,,0.028862563893198967,,
,586,,,0.034031014889478683,,
,587,,,0.028790002688765526,,
,588,,,0.030659908428788185,,
,589,,,0.032571565359830856,,
,590,,,0.030215352773666382,,
,591,,,0.031077636405825615,,
,592,,,0.03341440483927727,,
,593,,,0.03094049170613289,,
,594,,,0.029753416776657104,,
,595,,,0.03659160062670708,,
,596,,,0.03174463286995888,,
,597,,,0.03273162245750427,,
,598,,,0.03136862441897392,,
,599,,,0.03279710188508034,,
,600,,,0.03272024169564247,,
,601,,,0.028591850772500038,,
,602,,,0.03651556000113487,,
,603,,,0.034070417284965515,,
,604,,,0.03310422599315643,,
,605,,,0.034202273935079575,,
,606,,,0.03146350756287575,,
,607,,,0.033139318227767944,,
,608,,,0.028774196282029152,,
,609,,,0.034156959503889084,,
,610,,,0.030048582702875137,,
,611,,,0.029549134895205498,,
,612,,,0.03155113384127617,,
,613,,,0.03219689428806305,,
,614,,,0.03331221267580986,,
,615,,,0.030542761087417603,,
,616,,,0.029852012172341347,,
,617,,,0.033849384635686874,,
,618,,,0.028892679139971733,,
,619,,,0.03488253429532051,,
,620,,,0.033957209438085556,,
,621,,,0.03221854567527771,,
,622,,,0.03558783233165741,,
,623,,,0.033084284514188766,,
,624,,,0.02844526246190071,,
,1249,,0,,0.03183610364794731,
,1249,,0,,,0.03651515394449234
9.890738440717014e-05,1299,,,,,
,1299,0.02936095930635929,1,,,
9.819815024222053e-05,1349,,,,,
,1349,0.026457281783223152,1,,,
9.731637992448146e-05,1399,,,,,
,1399,0.03218315914273262,1,,,
9.626522996283975e-05,1449,,,,,
,1449,0.027250271290540695,1,,,
9.504846320134737e-05,1499,,,,,
,1499,0.024747954681515694,1,,,
9.367043534921637e-05,1549,,,,,
,1549,0.02544189617037773,1,,,
9.213607938851024e-05,1599,,,,,
,1599,0.02553623542189598,1,,,
9.045088791534851e-05,1649,,,,,
,1649,0.024824991822242737,1,,,
8.862089347783813e-05,1699,,,,,
,1699,0.02314215525984764,1,,,
8.665264698111695e-05,1749,,,,,
,1749,0.023783113807439804,1,,,
8.455319423681344e-05,1799,,,,,
,1799,0.02397441491484642,1,,,
8.233005074086974e-05,1849,,,,,
,1849,0.026446299627423286,1,,,
7.999117477001675e-05,1899,,,,,
,1899,0.025253186002373695,1,,,
7.754493889320884e-05,1949,,,,,
,1949,0.02538270317018032,1,,,
7.50001e-05,1999,,,,,
,1999,0.024185972288250923,1,,,
7.236576795315196e-05,2049,,,,,
,2049,0.02044995129108429,1,,,
6.965137297768986e-05,2099,,,,,
,2099,0.02567327953875065,1,,,
6.686663190314403e-05,2149,,,,,
,2149,0.02129955403506756,1,,,
6.402151337982228e-05,2199,,,,,
,2199,0.024526197463274002,1,,,
6.112620219362893e-05,2249,,,,,
,2249,0.024098826572299004,1,,,
5.819106280717461e-05,2299,,,,,
,2299,0.027548909187316895,1,,,
5.5226602257690024e-05,2349,,,,,
,2349,0.023743638768792152,1,,,
5.224343254455969e-05,2399,,,,,
,2399,0.022816136479377747,1,,,
4.925223264111823e-05,2449,,,,,
,2449,0.028807319700717926,1,,,
4.626371026669751e-05,2499,,,,,
,2499,0.024060070514678955,1,,,
,625,,,0.02968151681125164,,
,626,,,0.02821221761405468,,
,627,,,0.026847410947084427,,
,628,,,0.027482053264975548,,
,629,,,0.028274882584810257,,
,630,,,0.028740767389535904,,
,631,,,0.02702724002301693,,
,632,,,0.026145964860916138,,
,633,,,0.024874825030565262,,
,634,,,0.029345322400331497,,
,635,,,0.025676170364022255,,
,636,,,0.02692083828151226,,
,637,,,0.028089359402656555,,
,638,,,0.027177337557077408,,
,639,,,0.02897387556731701,,
,640,,,0.028773099184036255,,
,641,,,0.028515661135315895,,
,642,,,0.028009964153170586,,
,643,,,0.026501445099711418,,
,644,,,0.029497772455215454,,
,645,,,0.02719069831073284,,
,646,,,0.024399228394031525,,
,647,,,0.027356917038559914,,
,648,,,0.02874237298965454,,
,649,,,0.02453579753637314,,
,650,,,0.028909647837281227,,
,651,,,0.026357410475611687,,
,652,,,0.02753770351409912,,
,653,,,0.025221778079867363,,
,654,,,0.027634695172309875,,
,655,,,0.028634322807192802,,
,656,,,0.02594827488064766,,
,657,,,0.02994329109787941,,
,658,,,0.026550620794296265,,
,659,,,0.028448229655623436,,
,660,,,0.02660084329545498,,
,661,,,0.02721383608877659,,
,662,,,0.02852306328713894,,
,663,,,0.028197500854730606,,
,664,,,0.027584880590438843,,
,665,,,0.02867889776825905,,
,666,,,0.0273573137819767,,
,667,,,0.02587064541876316,,
,668,,,0.027976879850029945,,
,669,,,0.02887558378279209,,
,670,,,0.027692312374711037,,
,671,,,0.026946762576699257,,
,672,,,0.027127165347337723,,
,673,,,0.026802921667695045,,
,674,,,0.028153294697403908,,
,675,,,0.028673721477389336,,
,676,,,0.027424439787864685,,
,677,,,0.02708171121776104,,
,678,,,0.02894626557826996,,
,679,,,0.02894425392150879,,
,680,,,0.02912532165646553,,
,681,,,0.02733783796429634,,
,682,,,0.03038467839360237,,
,683,,,0.026668230071663857,,
,684,,,0.024537820369005203,,
,685,,,0.026913318783044815,,
,686,,,0.029088323935866356,,
,687,,,0.02564079873263836,,
,688,,,0.027694666758179665,,
,689,,,0.029560251161456108,,
,690,,,0.027145881205797195,,
,691,,,0.026212437078356743,,
,692,,,0.028336120769381523,,
,693,,,0.024880526587367058,,
,694,,,0.028646260499954224,,
,695,,,0.028034795075654984,,
,696,,,0.029702359810471535,,
,697,,,0.029097696766257286,,
,698,,,0.02753407321870327,,
,699,,,0.029061028733849525,,
,700,,,0.02711229957640171,,
,701,,,0.02756083570420742,,
,702,,,0.02846297062933445,,
,703,,,0.026732420548796654,,
,704,,,0.02655280940234661,,
,705,,,0.02692868746817112,,
,706,,,0.027865976095199585,,
,707,,,0.028071045875549316,,
,708,,,0.0254890825599432,,
,709,,,0.02677871659398079,,
,710,,,0.028289711102843285,,
,711,,,0.025774169713258743,,
,712,,,0.03202316164970398,,
,713,,,0.02975606732070446,,
,714,,,0.026239031925797462,,
,715,,,0.027510618790984154,,
,716,,,0.02596244215965271,,
,717,,,0.02704760991036892,,
,718,,,0.026812193915247917,,
,719,,,0.028173604980111122,,
,720,,,0.02915939688682556,,
,721,,,0.028084898367524147,,
,722,,,0.027981186285614967,,
,723,,,0.025797022506594658,,
,724,,,0.02752973698079586,,
,725,,,0.027437541633844376,,
,726,,,0.027878085151314735,,
,727,,,0.026949116960167885,,
,728,,,0.02820192649960518,,
,729,,,0.02704000473022461,,
,730,,,0.028744101524353027,,
,731,,,0.027841825038194656,,
,732,,,0.02777995727956295,,
,733,,,0.025596177205443382,,
,734,,,0.027903884649276733,,
,735,,,0.02796863578259945,,
,736,,,0.025373930111527443,,
,737,,,0.02552095614373684,,
,738,,,0.026351023465394974,,
,739,,,0.028267059475183487,,
,740,,,0.02668408490717411,,
,741,,,0.02667141519486904,,
,742,,,0.0300687737762928,,
,743,,,0.028920674696564674,,
,744,,,0.027109269052743912,,
,745,,,0.024942371994256973,,
,746,,,0.027384599670767784,,
,747,,,0.02768910862505436,,
,748,,,0.028069788590073586,,
,749,,,0.025418473407626152,,
,750,,,0.028107810765504837,,
,751,,,0.028386211022734642,,
,752,,,0.028902292251586914,,
,753,,,0.027179796248674393,,
,754,,,0.0260471198707819,,
,755,,,0.028754597529768944,,
,756,,,0.02768261544406414,,
,757,,,0.027506520971655846,,
,758,,,0.029918843880295753,,
,759,,,0.02856127917766571,,
,760,,,0.02589535154402256,,
,761,,,0.024356791749596596,,
,762,,,0.02560259774327278,,
,763,,,0.026365354657173157,,
,764,,,0.02864801697432995,,
,765,,,0.02693275921046734,,
,766,,,0.029262959957122803,,
,767,,,0.02787713147699833,,
,768,,,0.028829921036958694,,
,769,,,0.0269290991127491,,
,770,,,0.02709284983575344,,
,771,,,0.027780616655945778,,
,772,,,0.027588332071900368,,
,773,,,0.02820260263979435,,
,774,,,0.02729966677725315,,
,775,,,0.028553633019328117,,
,776,,,0.02536134421825409,,
,777,,,0.027613217011094093,,
,778,,,0.031308092176914215,,
,779,,,0.02720392309129238,,
,780,,,0.027299655601382256,,
,781,,,0.029034525156021118,,
,782,,,0.02755640260875225,,
,783,,,0.027697354555130005,,
,784,,,0.02729526162147522,,
,785,,,0.02767348289489746,,
,786,,,0.026515377685427666,,
,787,,,0.02384372614324093,,
,788,,,0.025504250079393387,,
,789,,,0.03028648905456066,,
,790,,,0.026548832654953003,,
,791,,,0.026891319081187248,,
,792,,,0.02557852678000927,,
,793,,,0.027439577504992485,,
,794,,,0.026786470785737038,,
,795,,,0.029381919652223587,,
,796,,,0.02466576360166073,,
,797,,,0.027203170582652092,,
,798,,,0.02587684988975525,,
,799,,,0.027203021571040154,,
,800,,,0.024593979120254517,,
,801,,,0.024249162524938583,,
,802,,,0.027918720617890358,,
,803,,,0.026127636432647705,,
,804,,,0.025117332115769386,,
,805,,,0.02728850580751896,,
,806,,,0.026345133781433105,,
,807,,,0.027528837323188782,,
,808,,,0.028297996148467064,,
,809,,,0.026727894321084023,,
,810,,,0.026445871219038963,,
,811,,,0.02540328912436962,,
,812,,,0.0271858312189579,,
,813,,,0.029035581275820732,,
,814,,,0.02878492884337902,,
,815,,,0.02658764086663723,,
,816,,,0.028489723801612854,,
,817,,,0.02574378252029419,,
,818,,,0.02703167498111725,,
,819,,,0.02582886815071106,,
,820,,,0.027909068390727043,,
,821,,,0.029652675613760948,,
,822,,,0.02681840769946575,,
,823,,,0.025555212050676346,,
,824,,,0.028239382430911064,,
,825,,,0.0260965283960104,,
,826,,,0.0269657913595438,,
,827,,,0.028814151883125305,,
,828,,,0.02929387055337429,,
,829,,,0.026881352066993713,,
,830,,,0.029635587707161903,,
,831,,,0.026572663336992264,,
,832,,,0.027591243386268616,,
,833,,,0.02816910110414028,,
,834,,,0.026978859677910805,,
,835,,,0.030799219384789467,,
,836,,,0.029910558834671974,,
,837,,,0.027144083753228188,,
,838,,,0.026772990822792053,,
,839,,,0.026487231254577637,,
,840,,,0.029220854863524437,,
,841,,,0.02824888564646244,,
,842,,,0.02513507939875126,,
,843,,,0.030418694019317627,,
,844,,,0.02734881080687046,,
,845,,,0.02831415832042694,,
,846,,,0.027349496260285378,,
,847,,,0.03027026169002056,,
,848,,,0.026716379448771477,,
,849,,,0.027009962126612663,,
,850,,,0.026850620284676552,,
,851,,,0.02609494887292385,,
,852,,,0.030008012428879738,,
,853,,,0.025096485391259193,,
,854,,,0.02467888966202736,,
,855,,,0.02598038874566555,,
,856,,,0.02961682714521885,,
,857,,,0.027233025059103966,,
,858,,,0.026422763243317604,,
,859,,,0.0284089595079422,,
,860,,,0.02849312499165535,,
,861,,,0.025943193584680557,,
,862,,,0.025545282289385796,,
,863,,,0.02714100293815136,,
,864,,,0.026950454339385033,,
,865,,,0.02585774101316929,,
,866,,,0.030676180496811867,,
,867,,,0.02700790762901306,,
,868,,,0.028795192018151283,,
,869,,,0.028475651517510414,,
,870,,,0.025718843564391136,,
,871,,,0.02808837965130806,,
,872,,,0.02928776852786541,,
,873,,,0.02806299366056919,,
,874,,,0.02706463634967804,,
,875,,,0.02817860245704651,,
,876,,,0.02880643680691719,,
,877,,,0.028922459110617638,,
,878,,,0.03000628389418125,,
,879,,,0.02765282429754734,,
,880,,,0.02807297185063362,,
,881,,,0.026452088728547096,,
,882,,,0.030657021328806877,,
,883,,,0.027501732110977173,,
,884,,,0.024916624650359154,,
,885,,,0.02692968025803566,,
,886,,,0.02953386679291725,,
,887,,,0.028883079066872597,,
,888,,,0.02553991787135601,,
,889,,,0.026190314441919327,,
,890,,,0.029182329773902893,,
,891,,,0.02777126431465149,,
,892,,,0.027690717950463295,,
,893,,,0.027782991528511047,,
,894,,,0.026472365483641624,,
,895,,,0.027216417714953423,,
,896,,,0.029164934530854225,,
,897,,,0.02855244278907776,,
,898,,,0.024989329278469086,,
,899,,,0.0281361173838377,,
,900,,,0.027928953990340233,,
,901,,,0.026423661038279533,,
,902,,,0.0269728135317564,,
,903,,,0.02604118548333645,,
,904,,,0.028579561039805412,,
,905,,,0.02669168822467327,,
,906,,,0.029505526646971703,,
,907,,,0.027293074876070023,,
,908,,,0.023477301001548767,,
,909,,,0.027918485924601555,,
,910,,,0.028368696570396423,,
,911,,,0.02844340167939663,,
,912,,,0.027149183675646782,,
,913,,,0.02986677922308445,,
,914,,,0.027224350720643997,,
,915,,,0.027017509564757347,,
,916,,,0.02807442657649517,,
,917,,,0.027813822031021118,,
,918,,,0.028240973129868507,,
,919,,,0.02715742401778698,,
,920,,,0.027876079082489014,,
,921,,,0.02701873891055584,,
,922,,,0.02871841751039028,,
,923,,,0.02674863301217556,,
,924,,,0.026034420356154442,,
,925,,,0.025726675987243652,,
,926,,,0.02859475091099739,,
,927,,,0.02661471627652645,,
,928,,,0.023394446820020676,,
,929,,,0.027421200647950172,,
,930,,,0.029201388359069824,,
,931,,,0.026819605380296707,,
,932,,,0.025243831798434258,,
,933,,,0.026464803144335747,,
,934,,,0.03029785491526127,,
,935,,,0.02502686344087124,,
,936,,,0.028074486181139946,,
,937,,,0.027473950758576393,,
,938,,,0.030026918277144432,,
,939,,,0.028554225340485573,,
,940,,,0.02758900262415409,,
,941,,,0.028143227100372314,,
,942,,,0.025015396997332573,,
,943,,,0.027880815789103508,,
,944,,,0.02734677866101265,,
,945,,,0.02617468871176243,,
,946,,,0.0257450919598341,,
,947,,,0.02674969844520092,,
,948,,,0.02921355701982975,,
,949,,,0.02956433966755867,,
,950,,,0.027216529473662376,,
,951,,,0.02680571749806404,,
,952,,,0.028999222442507744,,
,953,,,0.026544347405433655,,
,954,,,0.027361257001757622,,
,955,,,0.027540940791368484,,
,956,,,0.02746284008026123,,
,957,,,0.0324862115085125,,
,958,,,0.02436823770403862,,
,959,,,0.025721866637468338,,
,960,,,0.025800680741667747,,
,961,,,0.027247080579400063,,
,962,,,0.029381180182099342,,
,963,,,0.026855168864130974,,
,964,,,0.028621254488825798,,
,965,,,0.031681355088949203,,
,966,,,0.028780663385987282,,
,967,,,0.027679506689310074,,
,968,,,0.026859020814299583,,
,969,,,0.028841078281402588,,
,970,,,0.0271005816757679,,
,971,,,0.02513839304447174,,
,972,,,0.025836840271949768,,
,973,,,0.03107578121125698,,
,974,,,0.02520791068673134,,
,975,,,0.026769382879137993,,
,976,,,0.030502086505293846,,
,977,,,0.02521120384335518,,
,978,,,0.030507627874612808,,
,979,,,0.026524556800723076,,
,980,,,0.0284161027520895,,
,981,,,0.02458490990102291,,
,982,,,0.027384018525481224,,
,983,,,0.028919240459799767,,
,984,,,0.02693641185760498,,
,985,,,0.023795610293745995,,
,986,,,0.024794457480311394,,
,987,,,0.030594749376177788,,
,988,,,0.027158427983522415,,
,989,,,0.025451702997088432,,
,990,,,0.028292184695601463,,
,991,,,0.027414817363023758,,
,992,,,0.027626559138298035,,
,993,,,0.027437835931777954,,
,994,,,0.026754895225167274,,
,995,,,0.028453757986426353,,
,996,,,0.028279585763812065,,
,997,,,0.027255913242697716,,
,998,,,0.031195182353258133,,
,999,,,0.028774021193385124,,
,1000,,,0.02875557541847229,,
,1001,,,0.026690596714615822,,
,1002,,,0.02638913132250309,,
,1003,,,0.027250606566667557,,
,1004,,,0.027715075761079788,,
,1005,,,0.026660412549972534,,
,1006,,,0.02786104939877987,,
,1007,,,0.026349378749728203,,
,1008,,,0.028884505853056908,,
,1009,,,0.026207199320197105,,
,1010,,,0.029054278507828712,,
,1011,,,0.029370596632361412,,
,1012,,,0.026157859712839127,,
,1013,,,0.029185229912400246,,
,1014,,,0.026034286245703697,,
,1015,,,0.02601345255970955,,
,1016,,,0.027866298332810402,,
,1017,,,0.025378569960594177,,
,1018,,,0.02689480222761631,,
,1019,,,0.025389401242136955,,
,1020,,,0.0301376823335886,,
,1021,,,0.030669361352920532,,
,1022,,,0.02618585340678692,,
,1023,,,0.026349851861596107,,
,1024,,,0.026917902752757072,,
,1025,,,0.028294086456298828,,
,1026,,,0.027702167630195618,,
,1027,,,0.028676837682724,,
,1028,,,0.02691044472157955,,
,1029,,,0.027756309136748314,,
,1030,,,0.028787989169359207,,
,1031,,,0.025993531569838524,,
,1032,,,0.025000978261232376,,
,1033,,,0.029293423518538475,,
,1034,,,0.02468675933778286,,
,1035,,,0.02516697160899639,,
,1036,,,0.030749818310141563,,
,1037,,,0.026786772534251213,,
,1038,,,0.027967244386672974,,
,1039,,,0.027452543377876282,,
,1040,,,0.025741934776306152,,
,1041,,,0.028089141473174095,,
,1042,,,0.027136627584695816,,
,1043,,,0.029062336310744286,,
,1044,,,0.023909084498882294,,
,1045,,,0.026865098625421524,,
,1046,,,0.027892721816897392,,
,1047,,,0.028644805774092674,,
,1048,,,0.025230681523680687,,
,1049,,,0.027626529335975647,,
,1050,,,0.02702181600034237,,
,1051,,,0.02568376623094082,,
,1052,,,0.025388522073626518,,
,1053,,,0.027683604508638382,,
,1054,,,0.02774868719279766,,
,1055,,,0.02655029296875,,
,1056,,,0.026343638077378273,,
,1057,,,0.03139893710613251,,
,1058,,,0.02858748473227024,,
,1059,,,0.028822576627135277,,
,1060,,,0.0254860520362854,,
,1061,,,0.02733505703508854,,
,1062,,,0.026442473754286766,,
,1063,,,0.029083967208862305,,
,1064,,,0.028337454423308372,,
,1065,,,0.026658901944756508,,
,1066,,,0.028660494834184647,,
,1067,,,0.0302205141633749,,
,1068,,,0.026047324761748314,,
,1069,,,0.026830434799194336,,
,1070,,,0.028481775894761086,,
,1071,,,0.027529506012797356,,
,1072,,,0.026010839268565178,,
,1073,,,0.028926122933626175,,
,1074,,,0.028526166453957558,,
,1075,,,0.026531780138611794,,
,1076,,,0.029344651848077774,,
,1077,,,0.029705602675676346,,
,1078,,,0.028895927593111992,,
,1079,,,0.026021510362625122,,
,1080,,,0.030543792992830276,,
,1081,,,0.026527712121605873,,
,1082,,,0.02501744031906128,,
,1083,,,0.027826989069581032,,
,1084,,,0.027371877804398537,,
,1085,,,0.02763829566538334,,
,1086,,,0.029017308726906776,,
,1087,,,0.02709227241575718,,
,1088,,,0.030152752995491028,,
,1089,,,0.027971088886260986,,
,1090,,,0.02761140465736389,,
,1091,,,0.028227806091308594,,
,1092,,,0.027140948921442032,,
,1093,,,0.02521035075187683,,
,1094,,,0.026171410456299782,,
,1095,,,0.026941925287246704,,
,1096,,,0.026207847520709038,,
,1097,,,0.028003066778182983,,
,1098,,,0.024384306743741035,,
,1099,,,0.026522565633058548,,
,1100,,,0.029752377420663834,,
,1101,,,0.0302735548466444,,
,1102,,,0.02665618062019348,,
,1103,,,0.028221262618899345,,
,1104,,,0.026297420263290405,,
,1105,,,0.028225166723132133,,
,1106,,,0.027299365028738976,,
,1107,,,0.028512051329016685,,
,1108,,,0.027232784777879715,,
,1109,,,0.02729271724820137,,
,1110,,,0.026274865493178368,,
,1111,,,0.025743110105395317,,
,1112,,,0.028699010610580444,,
,1113,,,0.028012169525027275,,
,1114,,,0.027239197865128517,,
,1115,,,0.02763715386390686,,
,1116,,,0.02506224624812603,,
,1117,,,0.02746419981122017,,
,1118,,,0.026372093707323074,,
,1119,,,0.028831062838435173,,
,1120,,,0.028189679607748985,,
,1121,,,0.025344932451844215,,
,1122,,,0.026826465502381325,,
,1123,,,0.02752634324133396,,
,1124,,,0.025392567738890648,,
,1125,,,0.02927289716899395,,
,1126,,,0.028326136991381645,,
,1127,,,0.02795744314789772,,
,1128,,,0.025817543268203735,,
,1129,,,0.027805669233202934,,
,1130,,,0.027076581493020058,,
,1131,,,0.027425169944763184,,
,1132,,,0.027854686602950096,,
,1133,,,0.027560053393244743,,
,1134,,,0.028233850374817848,,
,1135,,,0.02822466567158699,,
,1136,,,0.027695029973983765,,
,1137,,,0.02751297317445278,,
,1138,,,0.028024911880493164,,
,1139,,,0.02634473145008087,,
,1140,,,0.02914046123623848,,
,1141,,,0.029617790132761,,
,1142,,,0.02876914106309414,,
,1143,,,0.025399470701813698,,
,1144,,,0.02624097466468811,,
,1145,,,0.02946597896516323,,
,1146,,,0.0269445963203907,,
,1147,,,0.02482897788286209,,
,1148,,,0.025493288412690163,,
,1149,,,0.0247965045273304,,
,1150,,,0.028154021129012108,,
,1151,,,0.027716880664229393,,
,1152,,,0.02536199428141117,,
,1153,,,0.027787936851382256,,
,1154,,,0.02902943454682827,,
,1155,,,0.026436058804392815,,
,1156,,,0.026318300515413284,,
,1157,,,0.028879916295409203,,
,1158,,,0.025183482095599174,,
,1159,,,0.027093781158328056,,
,1160,,,0.030297188088297844,,
,1161,,,0.02600320614874363,,
,1162,,,0.028400136157870293,,
,1163,,,0.02725406363606453,,
,1164,,,0.02606988325715065,,
,1165,,,0.027060598134994507,,
,1166,,,0.026876086369156837,,
,1167,,,0.02635943330824375,,
,1168,,,0.024808509275317192,,
,1169,,,0.02818136289715767,,
,1170,,,0.026511216536164284,,
,1171,,,0.02771092765033245,,
,1172,,,0.0258935634046793,,
,1173,,,0.027351265773177147,,
,1174,,,0.02595270611345768,,
,1175,,,0.02590532973408699,,
,1176,,,0.029106810688972473,,
,1177,,,0.028137285262346268,,
,1178,,,0.027068188413977623,,
,1179,,,0.025267809629440308,,
,1180,,,0.0248554777354002,,
,1181,,,0.02825385332107544,,
,1182,,,0.025181476026773453,,
,1183,,,0.02505466714501381,,
,1184,,,0.027113381773233414,,
,1185,,,0.028364917263388634,,
,1186,,,0.02733292616903782,,
,1187,,,0.026825496926903725,,
,1188,,,0.02746778540313244,,
,1189,,,0.02567450702190399,,
,1190,,,0.026916980743408203,,
,1191,,,0.027552751824259758,,
,1192,,,0.025533417239785194,,
,1193,,,0.026494568213820457,,
,1194,,,0.02659311331808567,,
,1195,,,0.029067862778902054,,
,1196,,,0.026983747258782387,,
,1197,,,0.02496027760207653,,
,1198,,,0.025380780920386314,,
,1199,,,0.026957286521792412,,
,1200,,,0.029396159574389458,,
,1201,,,0.0273651834577322,,
,1202,,,0.02882939577102661,,
,1203,,,0.029085466638207436,,
,1204,,,0.02828475832939148,,
,1205,,,0.028896356001496315,,
,1206,,,0.025288118049502373,,
,1207,,,0.023996157571673393,,
,1208,,,0.028662756085395813,,
,1209,,,0.029286855831742287,,
,1210,,,0.02462276630103588,,
,1211,,,0.02938581071794033,,
,1212,,,0.02512603998184204,,
,1213,,,0.026824576780200005,,
,1214,,,0.027570659294724464,,
,1215,,,0.025990471243858337,,
,1216,,,0.02633783221244812,,
,1217,,,0.028624756261706352,,
,1218,,,0.026194248348474503,,
,1219,,,0.026356393471360207,,
,1220,,,0.03087654523551464,,
,1221,,,0.027543548494577408,,
,1222,,,0.02897382155060768,,
,1223,,,0.026645470410585403,,
,1224,,,0.02823946438729763,,
,1225,,,0.02863878570497036,,
,1226,,,0.02552397921681404,,
,1227,,,0.0314742811024189,,
,1228,,,0.029705209657549858,,
,1229,,,0.028791790828108788,,
,1230,,,0.030098259449005127,,
,1231,,,0.02683624066412449,,
,1232,,,0.028365422040224075,,
,1233,,,0.02468150481581688,,
,1234,,,0.029401585459709167,,
,1235,,,0.02631566859781742,,
,1236,,,0.026111220940947533,,
,1237,,,0.026472939178347588,,
,1238,,,0.027077628299593925,,
,1239,,,0.02774778939783573,,
,1240,,,0.026790667325258255,,
,1241,,,0.025329235941171646,,
,1242,,,0.028509406372904778,,
,1243,,,0.025579482316970825,,
,1244,,,0.02978208102285862,,
,1245,,,0.029264939948916435,,
,1246,,,0.028010917827486992,,
,1247,,,0.030868589878082275,,
,1248,,,0.02884836308658123,,
,1249,,,0.024832243099808693,,
,2499,,1,,0.027440709993243217,
,2499,,1,,,0.025494029745459557
4.3288563555770405e-05,2549,,,,,
,2549,0.025457259267568588,2,,,
4.033744276140591e-05,2599,,,,,
,2599,0.021962840110063553,2,,,
3.7420912130127326e-05,2649,,,,,
,2649,0.024993568658828735,2,,,
3.454941208465151e-05,2699,,,,,
,2699,0.02383648045361042,2,,,
3.1733221849885125e-05,2749,,,,,
,2749,0.02330031618475914,2,,,
2.8982422655967396e-05,2799,,,,,
,2799,0.022077377885580063,2,,,
2.6306861650082565e-05,2849,,,,,
,2849,0.025232285261154175,2,,,
2.3716116646228725e-05,2899,,,,,
,2899,0.02520577982068062,2,,,
2.1219461839129468e-05,2949,,,,,
,2949,0.021980583667755127,2,,,
1.88258346050237e-05,2999,,,,,
,2999,0.02157125063240528,2,,,
1.654380350817838e-05,3049,,,,,
,3049,0.02105741761624813,2,,,
1.4381537627652158e-05,3099,,,,,
,3099,0.0243256576359272,2,,,
1.2346777314112657e-05,3149,,,,,
,3149,0.023265892639756203,2,,,
1.0446806481389882e-05,3199,,,,,
,3199,0.022325076162815094,2,,,
8.688426531955128e-06,3249,,,,,
,3249,0.023802397772669792,2,,,
7.0779320096654155e-06,3299,,,,,
,3299,0.02649005874991417,2,,,
5.621088066930096e-06,3349,,,,,
,3349,0.021845029667019844,2,,,
4.32310982696148e-06,3399,,,,,
,3399,0.02345452271401882,2,,,
3.188643714987268e-06,3449,,,,,
,3449,0.022228216752409935,2,,,
2.221750825254118e-06,3499,,,,,
,3499,0.025463810190558434,2,,,
1.4258923833642832e-06,3549,,,,,
,3549,0.025146977975964546,2,,,
8.039173559862365e-07,3599,,,,,
,3599,0.02484060451388359,2,,,
3.5805225229340064e-07,3649,,,,,
,3649,0.024559911340475082,2,,,
8.989315363919582e-08,3699,,,,,
,3699,0.023163584992289543,2,,,
3.9999999999999996e-10,3749,,,,,
,3749,0.02462095394730568,2,,,
,1250,,,0.02767222560942173,,
,1251,,,0.026570869609713554,,
,1252,,,0.024897387251257896,,
,1253,,,0.026216993108391762,,
,1254,,,0.026859616860747337,,
,1255,,,0.026966450735926628,,
,1256,,,0.025824476033449173,,
,1257,,,0.02472405694425106,,
,1258,,,0.023463411256670952,,
,1259,,,0.02752489410340786,,
,1260,,,0.023830628022551537,,
,1261,,,0.025241440162062645,,
,1262,,,0.026686443015933037,,
,1263,,,0.025755519047379494,,
,1264,,,0.027521852403879166,,
,1265,,,0.02669663541018963,,
,1266,,,0.026802778244018555,,
,1267,,,0.026343772187829018,,
,1268,,,0.024736274033784866,,
,1269,,,0.027424726635217667,,
,1270,,,0.0252483319491148,,
,1271,,,0.023205092176795006,,
,1272,,,0.025752170011401176,,
,1273,,,0.027355626225471497,,
,1274,,,0.023571526631712914,,
,1275,,,0.026872653514146805,,
,1276,,,0.024704627692699432,,
,1277,,,0.02581086754798889,,
,1278,,,0.02332070842385292,,
,1279,,,0.025845779106020927,,
,1280,,,0.026558736339211464,,
,1281,,,0.024715548381209373,,
,1282,,,0.028339862823486328,,
,1283,,,0.02544744685292244,,
,1284,,,0.02618296816945076,,
,1285,,,0.024598373100161552,,
,1286,,,0.025566553696990013,,
,1287,,,0.026187658309936523,,
,1288,,,0.0265402439981699,,
,1289,,,0.025634322315454483,,
,1290,,,0.026053884997963905,,
,1291,,,0.025090990588068962,,
,1292,,,0.024303695186972618,,
,1293,,,0.026451963931322098,,
,1294,,,0.02728588692843914,,
,1295,,,0.0265058521181345,,
,1296,,,0.02556205727159977,,
,1297,,,0.025488002225756645,,
,1298,,,0.02534073404967785,,
,1299,,,0.02585892751812935,,
,1300,,,0.026650993153452873,,
,1301,,,0.02618718519806862,,
,1302,,,0.025618424639105797,,
,1303,,,0.026849335059523582,,
,1304,,,0.02675561048090458,,
,1305,,,0.02735007181763649,,
,1306,,,0.025910723954439163,,
,1307,,,0.02775956504046917,,
,1308,,,0.025364646688103676,,
,1309,,,0.023538468405604362,,
,1310,,,0.02516958676278591,,
,1311,,,0.02687411941587925,,
,1312,,,0.02426871284842491,,
,1313,,,0.025634169578552246,,
,1314,,,0.027199236676096916,,
,1315,,,0.025914384052157402,,
,1316,,,0.02467835694551468,,
,1317,,,0.02571169100701809,,
,1318,,,0.023425469174981117,,
,1319,,,0.0266561396420002,,
,1320,,,0.02606934867799282,,
,1321,,,0.028244365006685257,,
,1322,,,0.02674131654202938,,
,1323,,,0.0261556264013052,,
,1324,,,0.027485156431794167,,
,1325,,,0.025157129392027855,,
,1326,,,0.026615653187036514,,
,1327,,,0.026323242112994194,,
,1328,,,0.025310248136520386,,
,1329,,,0.0245366208255291,,
,1330,,,0.024846097454428673,,
,1331,,,0.02594057284295559,,
,1332,,,0.026474779471755028,,
,1333,,,0.02398940734565258,,
,1334,,,0.025805145502090454,,
,1335,,,0.026284625753760338,,
,1336,,,0.024026354774832726,,
,1337,,,0.02981913462281227,,
,1338,,,0.027633285149931908,,
,1339,,,0.02456897683441639,,
,1340,,,0.02618413046002388,,
,1341,,,0.024118121713399887,,
,1342,,,0.025210583582520485,,
,1343,,,0.025234952569007874,,
,1344,,,0.02665885165333748,,
,1345,,,0.02727680467069149,,
,1346,,,0.025959884747862816,,
,1347,,,0.026152268052101135,,
,1348,,,0.024527130648493767,,
,1349,,,0.026348769664764404,,
,1350,,,0.02594667673110962,,
,1351,,,0.026358166709542274,,
,1352,,,0.024930600076913834,,
,1353,,,0.026239007711410522,,
,1354,,,0.02451428771018982,,
,1355,,,0.026948055252432823,,
,1356,,,0.025897329673171043,,
,1357,,,0.025829046964645386,,
,1358,,,0.02325616218149662,,
,1359,,,0.025950372219085693,,
,1360,,,0.02638138271868229,,
,1361,,,0.023910578340291977,,
,1362,,,0.02317488007247448,,
,1363,,,0.02483721636235714,,
,1364,,,0.026115452870726585,,
,1365,,,0.02513810805976391,,
,1366,,,0.02500939927995205,,
,1367,,,0.02893250063061714,,
,1368,,,0.026677532121539116,,
,1369,,,0.025066673755645752,,
,1370,,,0.023424610495567322,,
,1371,,,0.025759125128388405,,
,1372,,,0.025994449853897095,,
,1373,,,0.02647228352725506,,
,1374,,,0.024473203346133232,,
,1375,,,0.025511426851153374,,
,1376,,,0.02662617526948452,,
,1377,,,0.027500545606017113,,
,1378,,,0.02569839172065258,,
,1379,,,0.02461930923163891,,
,1380,,,0.027192503213882446,,
,1381,,,0.025513917207717896,,
,1382,,,0.02648528292775154,,
,1383,,,0.027599668130278587,,
,1384,,,0.02666984312236309,,
,1385,,,0.024333834648132324,,
,1386,,,0.023008082062005997,,
,1387,,,0.02423890493810177,,
,1388,,,0.024549072608351707,,
,1389,,,0.026413364335894585,,
,1390,,,0.025362730026245117,,
,1391,,,0.027125203981995583,,
,1392,,,0.025558263063430786,,
,1393,,,0.02713882364332676,,
,1394,,,0.02521372213959694,,
,1395,,,0.025393838062882423,,
,1396,,,0.026604196056723595,,
,1397,,,0.025730406865477562,,
,1398,,,0.026112033054232597,,
,1399,,,0.025619858875870705,,
,1400,,,0.026525123044848442,,
,1401,,,0.023503050208091736,,
,1402,,,0.025602662935853004,,
,1403,,,0.029546070843935013,,
,1404,,,0.025462135672569275,,
,1405,,,0.026030395179986954,,
,1406,,,0.027219528332352638,,
,1407,,,0.02633347176015377,,
,1408,,,0.025755086913704872,,
,1409,,,0.02545594982802868,,
,1410,,,0.026008129119873047,,
,1411,,,0.02479669451713562,,
,1412,,,0.022411027923226357,,
,1413,,,0.023644372820854187,,
,1414,,,0.028351157903671265,,
,1415,,,0.025167429819703102,,
,1416,,,0.024653766304254532,,
,1417,,,0.024472782388329506,,
,1418,,,0.02538488619029522,,
,1419,,,0.026080703362822533,,
,1420,,,0.027446461841464043,,
,1421,,,0.023758530616760254,,
,1422,,,0.025415627285838127,,
,1423,,,0.024491526186466217,,
,1424,,,0.025206733494997025,,
,1425,,,0.023909538984298706,,
,1426,,,0.022773761302232742,,
,1427,,,0.026817655190825462,,
,1428,,,0.024403303861618042,,
,1429,,,0.023686030879616737,,
,1430,,,0.02533712051808834,,
,1431,,,0.024796267971396446,,
,1432,,,0.02610672079026699,,
,1433,,,0.026916036382317543,,
,1434,,,0.025188399478793144,,
,1435,,,0.02507448010146618,,
,1436,,,0.02466905303299427,,
,1437,,,0.025592228397727013,,
,1438,,,0.02713296189904213,,
,1439,,,0.026392295956611633,,
,1440,,,0.024941105395555496,,
,1441,,,0.027282236143946648,,
,1442,,,0.024418171495199203,,
,1443,,,0.024993402883410454,,
,1444,,,0.024156352505087852,,
,1445,,,0.026228338479995728,,
,1446,,,0.027950966730713844,,
,1447,,,0.025111541152000427,,
,1448,,,0.024188745766878128,,
,1449,,,0.02622847817838192,,
,1450,,,0.024829138070344925,,
,1451,,,0.025179428979754448,,
,1452,,,0.027509039267897606,,
,1453,,,0.027766717597842216,,
,1454,,,0.024796834215521812,,
,1455,,,0.0278303362429142,,
,1456,,,0.025238772854208946,,
,1457,,,0.025193190202116966,,
,1458,,,0.026049355044960976,,
,1459,,,0.025760753080248833,,
,1460,,,0.02969849668443203,,
,1461,,,0.027362246066331863,,
,1462,,,0.025849685072898865,,
,1463,,,0.024904539808630943,,
,1464,,,0.024387016892433167,,
,1465,,,0.027702931314706802,,
,1466,,,0.02668635919690132,,
,1467,,,0.023818040266633034,,
,1468,,,0.02876031957566738,,
,1469,,,0.025563377887010574,,
,1470,,,0.026191089302301407,,
,1471,,,0.02584746852517128,,
,1472,,,0.028665781021118164,,
,1473,,,0.024857928976416588,,
,1474,,,0.025562262162566185,,
,1475,,,0.024821465834975243,,
,1476,,,0.02482055127620697,,
,1477,,,0.02795596420764923,,
,1478,,,0.023477718234062195,,
,1479,,,0.02347073145210743,,
,1480,,,0.024327352643013,,
,1481,,,0.027828475460410118,,
,1482,,,0.02557397447526455,,
,1483,,,0.025159908458590508,,
,1484,,,0.02679343894124031,,
,1485,,,0.02677876688539982,,
,1486,,,0.02472996897995472,,
,1487,,,0.023973623290657997,,
,1488,,,0.02525087632238865,,
,1489,,,0.025099381804466248,,
,1490,,,0.024601122364401817,,
,1491,,,0.028575962409377098,,
,1492,,,0.02554144896566868,,
,1493,,,0.027218634262681007,,
,1494,,,0.02708788588643074,,
,1495,,,0.024672795087099075,,
,1496,,,0.026616383343935013,,
,1497,,,0.02705237828195095,,
,1498,,,0.02670619823038578,,
,1499,,,0.0254285279661417,,
,1500,,,0.02610631287097931,,
,1501,,,0.0271610077470541,,
,1502,,,0.027492908760905266,,
,1503,,,0.028094440698623657,,
,1504,,,0.02601001225411892,,
,1505,,,0.025688642635941505,,
,1506,,,0.024457992985844612,,
,1507,,,0.029428979381918907,,
,1508,,,0.026479599997401237,,
,1509,,,0.02327411063015461,,
,1510,,,0.025226766243577003,,
,1511,,,0.027592677623033524,,
,1512,,,0.026648396626114845,,
,1513,,,0.023676631972193718,,
,1514,,,0.024624232202768326,,
,1515,,,0.02751542069017887,,
,1516,,,0.025780588388442993,,
,1517,,,0.02591623179614544,,
,1518,,,0.026426667347550392,,
,1519,,,0.025177234783768654,,
,1520,,,0.026192134246230125,,
,1521,,,0.026756256818771362,,
,1522,,,0.026241660118103027,,
,1523,,,0.02329816110432148,,
,1524,,,0.026566630229353905,,
,1525,,,0.026544606313109398,,
,1526,,,0.02479836903512478,,
,1527,,,0.02511662058532238,,
,1528,,,0.024844791740179062,,
,1529,,,0.02610149420797825,,
,1530,,,0.025014057755470276,,
,1531,,,0.027444276958703995,,
,1532,,,0.025855381041765213,,
,1533,,,0.021802624687552452,,
,1534,,,0.02599920704960823,,
,1535,,,0.026358146220445633,,
,1536,,,0.026587340980768204,,
,1537,,,0.025579392910003662,,
,1538,,,0.027400273829698563,,
,1539,,,0.025766238570213318,,
,1540,,,0.024848582223057747,,
,1541,,,0.025988096371293068,,
,1542,,,0.02599543146789074,,
,1543,,,0.026574760675430298,,
,1544,,,0.025656789541244507,,
,1545,,,0.025784125551581383,,
,1546,,,0.025555802509188652,,
,1547,,,0.025975963100790977,,
,1548,,,0.02512974850833416,,
,1549,,,0.024224331602454185,,
,1550,,,0.0245587807148695,,
,1551,,,0.026816559955477715,,
,1552,,,0.025076253339648247,,
,1553,,,0.021984755992889404,,
,1554,,,0.02633804641664028,,
,1555,,,0.027112936601042747,,
,1556,,,0.02465221658349037,,
,1557,,,0.023691771551966667,,
,1558,,,0.024985238909721375,,
,1559,,,0.02772924117743969,,
,1560,,,0.02377506159245968,,
,1561,,,0.026787927374243736,,
,1562,,,0.026374751701951027,,
,1563,,,0.028012031689286232,,
,1564,,,0.026996666565537453,,
,1565,,,0.026082759723067284,,
,1566,,,0.026937460526823997,,
,1567,,,0.02324439026415348,,
,1568,,,0.026086047291755676,,
,1569,,,0.024901624768972397,,
,1570,,,0.02464926801621914,,
,1571,,,0.02395356260240078,,
,1572,,,0.02493315562605858,,
,1573,,,0.02785828709602356,,
,1574,,,0.02776586450636387,,
,1575,,,0.025481337681412697,,
,1576,,,0.025725752115249634,,
,1577,,,0.027945270761847496,,
,1578,,,0.024594781920313835,,
,1579,,,0.025550175458192825,,
,1580,,,0.02499033510684967,,
,1581,,,0.02585429511964321,,
,1582,,,0.029073411598801613,,
,1583,,,0.02331201173365116,,
,1584,,,0.024175485596060753,,
,1585,,,0.024144330993294716,,
,1586,,,0.025476370006799698,,
,1587,,,0.027382582426071167,,
,1588,,,0.025264883413910866,,
,1589,,,0.027033595368266106,,
,1590,,,0.029553372412919998,,
,1591,,,0.026595843955874443,,
,1592,,,0.025977183133363724,,
,1593,,,0.02526918426156044,,
,1594,,,0.027534244582057,,
,1595,,,0.025897404178977013,,
,1596,,,0.02315296046435833,,
,1597,,,0.02449081465601921,,
,1598,,,0.02836311236023903,,
,1599,,,0.02412649430334568,,
,1600,,,0.024796098470687866,,
,1601,,,0.02840191125869751,,
,1602,,,0.024135395884513855,,
,1603,,,0.02861267328262329,,
,1604,,,0.025189263746142387,,
,1605,,,0.02711530029773712,,
,1606,,,0.02287956140935421,,
,1607,,,0.0260496623814106,,
,1608,,,0.026803428307175636,,
,1609,,,0.025403112173080444,,
,1610,,,0.02221257984638214,,
,1611,,,0.023343851789832115,,
,1612,,,0.028565024957060814,,
,1613,,,0.02540997602045536,,
,1614,,,0.024472719058394432,,
,1615,,,0.02665354683995247,,
,1616,,,0.025340691208839417,,
,1617,,,0.025586863979697227,,
,1618,,,0.025553589686751366,,
,1619,,,0.024826308712363243,,
,1620,,,0.027497699484229088,,
,1621,,,0.026166850700974464,,
,1622,,,0.025741642341017723,,
,1623,,,0.029299145564436913,,
,1624,,,0.026928294450044632,,
,1625,,,0.026313617825508118,,
,1626,,,0.025432312861084938,,
,1627,,,0.025129809975624084,,
,1628,,,0.02546817623078823,,
,1629,,,0.025960642844438553,,
,1630,,,0.02530035935342312,,
,1631,,,0.02580033242702484,,
,1632,,,0.024508869275450706,,
,1633,,,0.026936834678053856,,
,1634,,,0.024879908189177513,,
,1635,,,0.027096513658761978,,
,1636,,,0.027471402660012245,,
,1637,,,0.023999571800231934,,
,1638,,,0.02787233330309391,,
,1639,,,0.024625008925795555,,
,1640,,,0.024635588750243187,,
,1641,,,0.02563580870628357,,
,1642,,,0.02381865680217743,,
,1643,,,0.025199055671691895,,
,1644,,,0.023490162566304207,,
,1645,,,0.028634121641516685,,
,1646,,,0.02777319960296154,,
,1647,,,0.02491712011396885,,
,1648,,,0.0246881190687418,,
,1649,,,0.02538553811609745,,
,1650,,,0.026034817099571228,,
,1651,,,0.02588573656976223,,
,1652,,,0.027133239433169365,,
,1653,,,0.02505563758313656,,
,1654,,,0.026214689016342163,,
,1655,,,0.02654779888689518,,
,1656,,,0.023928513750433922,,
,1657,,,0.022663408890366554,,
,1658,,,0.02767673134803772,,
,1659,,,0.023536551743745804,,
,1660,,,0.023621654137969017,,
,1661,,,0.028446076437830925,,
,1662,,,0.025656724348664284,,
,1663,,,0.025579525157809258,,
,1664,,,0.025841353461146355,,
,1665,,,0.024180030450224876,,
,1666,,,0.026414496824145317,,
,1667,,,0.026040149852633476,,
,1668,,,0.026967277750372887,,
,1669,,,0.022505346685647964,,
,1670,,,0.024966537952423096,,
,1671,,,0.026097813621163368,,
,1672,,,0.026521045714616776,,
,1673,,,0.023309972137212753,,
,1674,,,0.025556324049830437,,
,1675,,,0.025087354704737663,,
,1676,,,0.023946313187479973,,
,1677,,,0.023734742775559425,,
,1678,,,0.025531107559800148,,
,1679,,,0.026499083265662193,,
,1680,,,0.024595225229859352,,
,1681,,,0.024505361914634705,,
,1682,,,0.029204804450273514,,
,1683,,,0.02656620740890503,,
,1684,,,0.026524115353822708,,
,1685,,,0.023772602900862694,,
,1686,,,0.026079684495925903,,
,1687,,,0.025329096242785454,,
,1688,,,0.027204716578125954,,
,1689,,,0.02648344077169895,,
,1690,,,0.025223156437277794,,
,1691,,,0.027128463611006737,,
,1692,,,0.028044765815138817,,
,1693,,,0.024419063702225685,,
,1694,,,0.02571987546980381,,
,1695,,,0.02638198435306549,,
,1696,,,0.02545267343521118,,
,1697,,,0.023965826258063316,,
,1698,,,0.026494359597563744,,
,1699,,,0.026780491694808006,,
,1700,,,0.025156905874609947,,
,1701,,,0.027423614636063576,,
,1702,,,0.02798844687640667,,
,1703,,,0.02708069421350956,,
,1704,,,0.024049384519457817,,
,1705,,,0.02798333764076233,,
,1706,,,0.024538984522223473,,
,1707,,,0.02396322228014469,,
,1708,,,0.026230299845337868,,
,1709,,,0.02521166019141674,,
,1710,,,0.026067549362778664,,
,1711,,,0.026670051738619804,,
,1712,,,0.02582707442343235,,
,1713,,,0.027686744928359985,,
,1714,,,0.026359332725405693,,
,1715,,,0.026000363752245903,,
,1716,,,0.026238232851028442,,
,1717,,,0.02552972547709942,,
,1718,,,0.023821895942091942,,
,1719,,,0.024993175640702248,,
,1720,,,0.02496461570262909,,
,1721,,,0.024497253820300102,,
,1722,,,0.0259573794901371,,
,1723,,,0.023207152262330055,,
,1724,,,0.025243699550628662,,
,1725,,,0.028081847354769707,,
,1726,,,0.028507445007562637,,
,1727,,,0.02499196119606495,,
,1728,,,0.026030315086245537,,
,1729,,,0.025197476148605347,,
,1730,,,0.026599211618304253,,
,1731,,,0.02593190409243107,,
,1732,,,0.026903940364718437,,
,1733,,,0.02565985918045044,,
,1734,,,0.025156840682029724,,
,1735,,,0.024761872366070747,,
,1736,,,0.024123473092913628,,
,1737,,,0.0264330692589283,,
,1738,,,0.02664225734770298,,
,1739,,,0.025112200528383255,,
,1740,,,0.025461921468377113,,
,1741,,,0.023674113675951958,,
,1742,,,0.026167193427681923,,
,1743,,,0.02477102540433407,,
,1744,,,0.027164209634065628,,
,1745,,,0.025985663756728172,,
,1746,,,0.02402869425714016,,
,1747,,,0.025381434708833694,,
,1748,,,0.02600044570863247,,
,1749,,,0.02359570376574993,,
,1750,,,0.027085697278380394,,
,1751,,,0.02659877948462963,,
,1752,,,0.026086444035172462,,
,1753,,,0.024404561147093773,,
,1754,,,0.026596108451485634,,
,1755,,,0.025371981784701347,,
,1756,,,0.02591855265200138,,
,1757,,,0.026176825165748596,,
,1758,,,0.02587403729557991,,
,1759,,,0.026293886825442314,,
,1760,,,0.026893114671111107,,
,1761,,,0.026128729805350304,,
,1762,,,0.025524700060486794,,
,1763,,,0.02611592970788479,,
,1764,,,0.02456103079020977,,
,1765,,,0.027214815840125084,,
,1766,,,0.02778801880776882,,
,1767,,,0.027454687282443047,,
,1768,,,0.02387247048318386,,
,1769,,,0.024796225130558014,,
,1770,,,0.027664070948958397,,
,1771,,,0.024814367294311523,,
,1772,,,0.023299330845475197,,
,1773,,,0.02443421632051468,,
,1774,,,0.023765580728650093,,
,1775,,,0.026553576812148094,,
,1776,,,0.025823310017585754,,
,1777,,,0.024177610874176025,,
,1778,,,0.02564796805381775,,
,1779,,,0.02765166200697422,,
,1780,,,0.02531539835035801,,
,1781,,,0.02516702190041542,,
,1782,,,0.027440279722213745,,
,1783,,,0.023595958948135376,,
,1784,,,0.025002891197800636,,
,1785,,,0.027875317260622978,,
,1786,,,0.024265727028250694,,
,1787,,,0.026593392714858055,,
,1788,,,0.02561614289879799,,
,1789,,,0.024618860334157944,,
,1790,,,0.025382280349731445,,
,1791,,,0.025044668465852737,,
,1792,,,0.024555176496505737,,
,1793,,,0.02368839643895626,,
,1794,,,0.026025895029306412,,
,1795,,,0.02509486675262451,,
,1796,,,0.025787437334656715,,
,1797,,,0.02433367818593979,,
,1798,,,0.025819653645157814,,
,1799,,,0.024249408394098282,,
,1800,,,0.024689406156539917,,
,1801,,,0.027350982651114464,,
,1802,,,0.026123473420739174,,
,1803,,,0.025534892454743385,,
,1804,,,0.02387112006545067,,
,1805,,,0.02348717860877514,,
,1806,,,0.02649369277060032,,
,1807,,,0.023825084790587425,,
,1808,,,0.023931246250867844,,
,1809,,,0.024931658059358597,,
,1810,,,0.026832057163119316,,
,1811,,,0.025661492720246315,,
,1812,,,0.025304675102233887,,
,1813,,,0.025531793013215065,,
,1814,,,0.02427409216761589,,
,1815,,,0.02554185688495636,,
,1816,,,0.025953853502869606,,
,1817,,,0.024078095331788063,,
,1818,,,0.024586888030171394,,
,1819,,,0.024535875767469406,,
,1820,,,0.02688753604888916,,
,1821,,,0.025288565084338188,,
,1822,,,0.023685241118073463,,
,1823,,,0.023211387917399406,,
,1824,,,0.025228936225175858,,
,1825,,,0.0275394506752491,,
,1826,,,0.025469785556197166,,
,1827,,,0.02687755785882473,,
,1828,,,0.027956640347838402,,
,1829,,,0.02621057629585266,,
,1830,,,0.027053087949752808,,
,1831,,,0.02379513531923294,,
,1832,,,0.02265607751905918,,
,1833,,,0.027130022644996643,,
,1834,,,0.027388740330934525,,
,1835,,,0.023004606366157532,,
,1836,,,0.027481496334075928,,
,1837,,,0.024160003289580345,,
,1838,,,0.025403309613466263,,
,1839,,,0.02605307660996914,,
,1840,,,0.024301497265696526,,
,1841,,,0.024752739816904068,,
,1842,,,0.026776472106575966,,
,1843,,,0.024607038125395775,,
,1844,,,0.02468731813132763,,
,1845,,,0.028856147080659866,,
,1846,,,0.025644823908805847,,
,1847,,,0.027425631880760193,,
,1848,,,0.025350654497742653,,
,1849,,,0.026667747646570206,,
,1850,,,0.027486881241202354,,
,1851,,,0.023470142856240273,,
,1852,,,0.02901345305144787,,
,1853,,,0.027254736050963402,,
,1854,,,0.026582032442092896,,
,1855,,,0.02795417420566082,,
,1856,,,0.025627771392464638,,
,1857,,,0.027045974507927895,,
,1858,,,0.023018965497612953,,
,1859,,,0.02729184739291668,,
,1860,,,0.024475794285535812,,
,1861,,,0.02450791746377945,,
,1862,,,0.024635622277855873,,
,1863,,,0.025834685191512108,,
,1864,,,0.026192938908934593,,
,1865,,,0.02480384148657322,,
,1866,,,0.02346291020512581,,
,1867,,,0.02698337845504284,,
,1868,,,0.02420843206346035,,
,1869,,,0.027086371555924416,,
,1870,,,0.027046173810958862,,
,1871,,,0.026565078645944595,,
,1872,,,0.028992800042033195,,
,1873,,,0.027400383725762367,,
,1874,,,0.023785356432199478,,
,3749,,2,,0.0257344301789999,
,3749,,2,,,0.023295994848012924
